{"data":{
  "NAW": {
    "center": [
      -32.5,
      146.7
    ],
    "value": 0.29347999999999996
  },
  "VIC": {
    "center": [
      -37.3,
      144.4
    ],
    "value": -0.44557499999999994
  },
  "QLD": {
    "center": [
      -22.9,
      144.4
    ],
    "value": 0.3463131944444445
  },
  "SA": {
    "center": [
      -29.8,
      135.6
    ],
    "value": 0.217099064171123
  },
  "WA": {
    "center": [
      -25.92,
      121
    ],
    "value": 0
  },
  "TAS": {
    "center": [
      -42,
      146.73
    ],
    "value": 0.08300000000000002
  },
  "NT": {
    "center": [
      -20.7,
      134.3
    ],
    "value": -0.5267
  },
  "ACT": {
    "center": [
      -35.46,
      148.99
    ],
    "value": -0.8351500000000001
  }
}}